from_node,to_node,edge_type,feeder_id
1,2,line,F01
2,3,line,F01
3,5,line,F01
5,7,line,F01
7,9,line,F01
9,11,line,F01
11,13,line,F01
13,15,line,F01
15,17,line,F01
1,19,line,F02
19,20,line,F02
20,22,line,F02
22,24,line,F02
24,26,line,F02
26,28,line,F02
28,30,line,F02
30,32,line,F02
32,34,line,F02
1,36,line,F03
36,37,line,F03
37,39,line,F03
39,41,line,F03
41,43,line,F03
43,45,line,F03
45,47,line,F03
47,49,line,F03
49,51,line,F03
0,1,trafo,
3,4,trafo,F01
5,6,trafo,F01
7,8,trafo,F01
9,10,trafo,F01
11,12,trafo,F01
13,14,trafo,F01
15,16,trafo,F01
17,18,trafo,F01
20,21,trafo,F02
22,23,trafo,F02
24,25,trafo,F02
26,27,trafo,F02
28,29,trafo,F02
30,31,trafo,F02
32,33,trafo,F02
34,35,trafo,F02
37,38,trafo,F03
39,40,trafo,F03
41,42,trafo,F03
43,44,trafo,F03
45,46,trafo,F03
47,48,trafo,F03
49,50,trafo,F03
51,52,trafo,F03
