node_id,node_type,voltage_kv
0,bus,110.0
1,bus,10.0
2,bus,10.0
3,bus,10.0
4,bus,0.4
5,bus,10.0
6,bus,0.4
7,bus,10.0
8,bus,0.4
9,bus,10.0
10,bus,0.4
11,bus,10.0
12,bus,0.4
13,bus,10.0
14,bus,0.4
15,bus,10.0
16,bus,0.4
17,bus,10.0
18,bus,0.4
19,bus,10.0
20,bus,10.0
21,bus,0.4
22,bus,10.0
23,bus,0.4
24,bus,10.0
25,bus,0.4
26,bus,10.0
27,bus,0.4
28,bus,10.0
29,bus,0.4
30,bus,10.0
31,bus,0.4
32,bus,10.0
33,bus,0.4
34,bus,10.0
35,bus,0.4
36,bus,10.0
37,bus,10.0
38,bus,0.4
39,bus,10.0
40,bus,0.4
41,bus,10.0
42,bus,0.4
43,bus,10.0
44,bus,0.4
45,bus,10.0
46,bus,0.4
47,bus,10.0
48,bus,0.4
49,bus,10.0
50,bus,0.4
51,bus,10.0
52,bus,0.4
