transformer_id,reported_feeder_id,transformer_capacity_kva,customer_type
T001,F01,400.0,residential
T002,F03,400.0,commercial
T003,F01,400.0,mixed
T004,F01,400.0,residential
T005,F01,400.0,commercial
T006,F01,400.0,mixed
T007,F01,400.0,residential
T008,F01,400.0,commercial
T009,F02,400.0,residential
T010,F02,400.0,commercial
T011,F03,400.0,mixed
T012,F02,400.0,residential
T013,F02,400.0,commercial
T014,F02,400.0,mixed
T015,F03,400.0,residential
T016,F02,400.0,commercial
T017,F01,400.0,residential
T018,F03,400.0,commercial
T019,F03,400.0,mixed
T020,F03,400.0,residential
T021,F03,400.0,commercial
T022,F03,400.0,mixed
T023,F03,400.0,residential
T024,F02,400.0,commercial
