case_id,family,value,seed,precision,recall,f1,pr_auc,pr_auc_scored,top1_correction_rate,top2_correction_rate,automatic_coverage,scored_coverage,insufficient_data_rate,n_actual_errors,runtime_seconds,convergence_rate,violation_count,maximum_power_balance_error_mw,non_convergence_count,power_balance_count,voltage_out_of_bounds_count,transformer_overload_count,voltage_min_pu,voltage_max_pu,maximum_transformer_loading_percent,status,error_type,error_message
ledger_error_rate-0.05-seed42,ledger_error_rate,0.05,42,0.0,0.0,0.0,0.041666666666666664,0.041666666666666664,0.0,1.0,0.4583333333333333,1.0,0.0,1,84.66943769999853,1.0,0,2.6674111364144437e-08,0,0,0,0,0.9642936297004044,1.0,53.940052000470985,completed,,
ledger_error_rate-0.05-seed43,ledger_error_rate,0.05,43,0.0,0.0,0.0,0.041666666666666664,0.041666666666666664,0.0,0.0,0.4166666666666667,1.0,0.0,1,86.01189560000057,1.0,0,2.1577448994225534e-08,0,0,0,0,0.9647145884944146,1.0,52.988614350546115,completed,,
ledger_error_rate-0.05-seed44,ledger_error_rate,0.05,44,0.0,0.0,0.0,0.041666666666666664,0.041666666666666664,0.0,0.0,0.4583333333333333,1.0,0.0,1,78.199204499997,1.0,0,2.2016947265335318e-08,0,0,0,0,0.967813521971496,1.0,54.987304970135234,completed,,
ledger_error_rate-0.05-seed45,ledger_error_rate,0.05,45,0.0,0.0,0.0,0.041666666666666664,0.041666666666666664,0.0,0.0,0.25,1.0,0.0,1,62.976260999999795,1.0,0,2.3804477888855757e-08,0,0,0,0,0.965969758366562,1.0,54.60851551554524,completed,,
ledger_error_rate-0.05-seed46,ledger_error_rate,0.05,46,0.0,0.0,0.0,0.041666666666666664,0.041666666666666664,0.0,0.0,0.3333333333333333,1.0,0.0,1,87.63119409999854,1.0,0,1.8981901050985073e-08,0,0,0,0,0.9660955035313554,1.0,53.384620821505166,completed,,
ledger_error_rate-0.1-seed42,ledger_error_rate,0.1,42,0.0,0.0,0.0,0.07777777777777778,0.07777777777777778,1.0,1.0,0.25,1.0,0.0,2,2.830407199999172,1.0,0,2.6674111364144437e-08,0,0,0,0,0.9642936297004044,1.0,53.940052000470985,completed,,
ledger_error_rate-0.1-seed43,ledger_error_rate,0.1,43,0.0,0.0,0.0,0.10096153846153846,0.10096153846153846,1.0,1.0,0.3333333333333333,1.0,0.0,2,2.5671579999980167,1.0,0,2.1577448994225534e-08,0,0,0,0,0.9647145884944146,1.0,52.988614350546115,completed,,
ledger_error_rate-0.1-seed44,ledger_error_rate,0.1,44,0.0,0.0,0.0,0.07107843137254902,0.07107843137254902,0.0,0.5,0.375,1.0,0.0,2,2.8112069999988307,1.0,0,2.2016947265335318e-08,0,0,0,0,0.967813521971496,1.0,54.987304970135234,completed,,
ledger_error_rate-0.1-seed45,ledger_error_rate,0.1,45,0.0,0.0,0.0,0.07291666666666666,0.07291666666666666,0.5,1.0,0.4583333333333333,1.0,0.0,2,2.881830299997091,1.0,0,2.3804477888855757e-08,0,0,0,0,0.965969758366562,1.0,54.60851551554524,completed,,
ledger_error_rate-0.1-seed46,ledger_error_rate,0.1,46,0.0,0.0,0.0,0.07738095238095238,0.07738095238095238,0.0,0.5,0.25,1.0,0.0,2,2.787151199998334,1.0,0,1.8981901050985073e-08,0,0,0,0,0.9660955035313554,1.0,53.384620821505166,completed,,
ledger_error_rate-0.2-seed42,ledger_error_rate,0.2,42,0.14285714285714285,0.2,0.16666666666666666,0.3778787878787879,0.3778787878787879,0.2,0.4,0.2916666666666667,1.0,0.0,5,2.84205110000039,1.0,0,2.6674111364144437e-08,0,0,0,0,0.9642936297004044,1.0,53.940052000470985,completed,,
ledger_error_rate-0.2-seed43,ledger_error_rate,0.2,43,0.14285714285714285,0.2,0.16666666666666666,0.2,0.2,0.0,0.4,0.2916666666666667,1.0,0.0,5,2.7922462000024098,1.0,0,2.1577448994225534e-08,0,0,0,0,0.9647145884944146,1.0,52.988614350546115,completed,,
ledger_error_rate-0.2-seed44,ledger_error_rate,0.2,44,0.0,0.0,0.0,0.17362637362637362,0.17362637362637362,0.4,0.8,0.4166666666666667,1.0,0.0,5,2.852460699999938,1.0,0,2.2016947265335318e-08,0,0,0,0,0.967813521971496,1.0,54.987304970135234,completed,,
ledger_error_rate-0.2-seed45,ledger_error_rate,0.2,45,0.1111111111111111,0.2,0.14285714285714285,0.35833333333333334,0.35833333333333334,0.2,0.6,0.375,1.0,0.0,5,2.7507125000011,1.0,0,2.3804477888855757e-08,0,0,0,0,0.965969758366562,1.0,54.60851551554524,completed,,
ledger_error_rate-0.2-seed46,ledger_error_rate,0.2,46,0.125,0.2,0.15384615384615385,0.19833333333333333,0.19833333333333333,0.0,0.4,0.3333333333333333,1.0,0.0,5,2.891580499999691,1.0,0,1.8981901050985073e-08,0,0,0,0,0.9660955035313554,1.0,53.384620821505166,completed,,
ledger_error_rate-0.3-seed42,ledger_error_rate,0.3,42,0.0,0.0,0.0,0.3216272338895072,0.3216272338895072,0.2857142857142857,0.8571428571428571,0.08333333333333333,1.0,0.0,7,2.8158259999981965,1.0,0,2.6674111364144437e-08,0,0,0,0,0.9642936297004044,1.0,53.940052000470985,completed,,
ledger_error_rate-0.3-seed43,ledger_error_rate,0.3,43,0.2,0.2857142857142857,0.23529411764705882,0.32738095238095233,0.32738095238095233,0.14285714285714285,0.14285714285714285,0.4166666666666667,1.0,0.0,7,2.8291563000020687,1.0,0,2.1577448994225534e-08,0,0,0,0,0.9647145884944146,1.0,52.988614350546115,completed,,
ledger_error_rate-0.3-seed44,ledger_error_rate,0.3,44,0.3333333333333333,0.42857142857142855,0.375,0.4408263305322129,0.4408263305322129,0.42857142857142855,0.7142857142857143,0.375,1.0,0.0,7,2.596581800000422,1.0,0,2.2016947265335318e-08,0,0,0,0,0.967813521971496,1.0,54.987304970135234,completed,,
ledger_error_rate-0.3-seed45,ledger_error_rate,0.3,45,0.2857142857142857,0.2857142857142857,0.2857142857142857,0.3952535559678417,0.3952535559678417,0.2857142857142857,0.2857142857142857,0.2916666666666667,1.0,0.0,7,2.8016029999998864,1.0,0,2.3804477888855757e-08,0,0,0,0,0.965969758366562,1.0,54.60851551554524,completed,,
ledger_error_rate-0.3-seed46,ledger_error_rate,0.3,46,0.4,0.5714285714285714,0.47058823529411764,0.44702380952380955,0.44702380952380955,0.14285714285714285,0.8571428571428571,0.4166666666666667,1.0,0.0,7,2.6892951000008907,1.0,0,1.8981901050985073e-08,0,0,0,0,0.9660955035313554,1.0,53.384620821505166,completed,,
voltage_noise_std_pu-0.0-seed42,voltage_noise_std_pu,0.0,42,0.14285714285714285,0.2,0.16666666666666666,0.2778787878787879,0.2778787878787879,0.2,0.4,0.2916666666666667,1.0,0.0,5,1.5352216999999655,1.0,0,2.6674111364144437e-08,0,0,0,0,0.9642936297004044,1.0,53.940052000470985,completed,,
voltage_noise_std_pu-0.0-seed43,voltage_noise_std_pu,0.0,43,0.125,0.2,0.15384615384615385,0.18434065934065935,0.18434065934065935,0.0,0.4,0.3333333333333333,1.0,0.0,5,1.7207594999999856,1.0,0,2.1577448994225534e-08,0,0,0,0,0.9647145884944146,1.0,52.988614350546115,completed,,
voltage_noise_std_pu-0.0-seed44,voltage_noise_std_pu,0.0,44,0.09090909090909091,0.2,0.125,0.17514152514152515,0.17514152514152515,0.4,0.8,0.4583333333333333,1.0,0.0,5,1.6365465999988373,1.0,0,2.2016947265335318e-08,0,0,0,0,0.967813521971496,1.0,54.987304970135234,completed,,
voltage_noise_std_pu-0.0-seed45,voltage_noise_std_pu,0.0,45,0.1,0.2,0.13333333333333333,0.1891025641025641,0.1891025641025641,0.2,0.6,0.4166666666666667,1.0,0.0,5,1.5857617999972717,1.0,0,2.3804477888855757e-08,0,0,0,0,0.965969758366562,1.0,54.60851551554524,completed,,
voltage_noise_std_pu-0.0-seed46,voltage_noise_std_pu,0.0,46,0.1,0.2,0.13333333333333333,0.19166666666666665,0.19166666666666665,0.0,0.6,0.4166666666666667,1.0,0.0,5,1.7259509999967122,1.0,0,1.8981901050985073e-08,0,0,0,0,0.9660955035313554,1.0,53.384620821505166,completed,,
voltage_noise_std_pu-0.0005-seed42,voltage_noise_std_pu,0.0005,42,0.14285714285714285,0.2,0.16666666666666666,0.3778787878787879,0.3778787878787879,0.2,0.4,0.2916666666666667,1.0,0.0,5,2.6764468000001216,1.0,0,2.6674111364144437e-08,0,0,0,0,0.9642936297004044,1.0,53.940052000470985,completed,,
voltage_noise_std_pu-0.0005-seed43,voltage_noise_std_pu,0.0005,43,0.14285714285714285,0.2,0.16666666666666666,0.2,0.2,0.0,0.4,0.2916666666666667,1.0,0.0,5,2.795101600000635,1.0,0,2.1577448994225534e-08,0,0,0,0,0.9647145884944146,1.0,52.988614350546115,completed,,
voltage_noise_std_pu-0.0005-seed44,voltage_noise_std_pu,0.0005,44,0.0,0.0,0.0,0.17362637362637362,0.17362637362637362,0.4,0.8,0.4166666666666667,1.0,0.0,5,2.7815006999990146,1.0,0,2.2016947265335318e-08,0,0,0,0,0.967813521971496,1.0,54.987304970135234,completed,,
voltage_noise_std_pu-0.0005-seed45,voltage_noise_std_pu,0.0005,45,0.1111111111111111,0.2,0.14285714285714285,0.35833333333333334,0.35833333333333334,0.2,0.6,0.375,1.0,0.0,5,2.8581477999978233,1.0,0,2.3804477888855757e-08,0,0,0,0,0.965969758366562,1.0,54.60851551554524,completed,,
voltage_noise_std_pu-0.0005-seed46,voltage_noise_std_pu,0.0005,46,0.125,0.2,0.15384615384615385,0.19833333333333333,0.19833333333333333,0.0,0.4,0.3333333333333333,1.0,0.0,5,2.8205377999984194,1.0,0,1.8981901050985073e-08,0,0,0,0,0.9660955035313554,1.0,53.384620821505166,completed,,
voltage_noise_std_pu-0.001-seed42,voltage_noise_std_pu,0.001,42,0.14285714285714285,0.2,0.16666666666666666,0.2658508158508159,0.2658508158508159,0.2,0.4,0.2916666666666667,1.0,0.0,5,2.6967103999995743,1.0,0,2.6674111364144437e-08,0,0,0,0,0.9642936297004044,1.0,53.940052000470985,completed,,
voltage_noise_std_pu-0.001-seed43,voltage_noise_std_pu,0.001,43,0.14285714285714285,0.2,0.16666666666666666,0.18273809523809526,0.18273809523809526,0.0,0.4,0.2916666666666667,1.0,0.0,5,2.805474900000263,1.0,0,2.1577448994225534e-08,0,0,0,0,0.9647145884944146,1.0,52.988614350546115,completed,,
voltage_noise_std_pu-0.001-seed44,voltage_noise_std_pu,0.001,44,0.0,0.0,0.0,0.17362637362637362,0.17362637362637362,0.2,0.8,0.4166666666666667,1.0,0.0,5,2.899804900000163,1.0,0,2.2016947265335318e-08,0,0,0,0,0.967813521971496,1.0,54.987304970135234,completed,,
voltage_noise_std_pu-0.001-seed45,voltage_noise_std_pu,0.001,45,0.125,0.2,0.15384615384615385,0.25576923076923075,0.25576923076923075,0.2,0.6,0.3333333333333333,1.0,0.0,5,2.832932000001165,1.0,0,2.3804477888855757e-08,0,0,0,0,0.965969758366562,1.0,54.60851551554524,completed,,
voltage_noise_std_pu-0.001-seed46,voltage_noise_std_pu,0.001,46,0.125,0.2,0.15384615384615385,0.19576923076923078,0.19576923076923078,0.0,0.4,0.3333333333333333,1.0,0.0,5,2.8763724000018556,1.0,0,1.8981901050985073e-08,0,0,0,0,0.9660955035313554,1.0,53.384620821505166,completed,,
voltage_noise_std_pu-0.002-seed42,voltage_noise_std_pu,0.002,42,0.16666666666666666,0.2,0.18181818181818182,0.2733333333333333,0.2733333333333333,0.2,0.4,0.25,1.0,0.0,5,2.789726499999233,1.0,0,2.6674111364144437e-08,0,0,0,0,0.9642936297004044,1.0,53.940052000470985,completed,,
voltage_noise_std_pu-0.002-seed43,voltage_noise_std_pu,0.002,43,0.0,0.0,0.0,0.1913919413919414,0.1913919413919414,0.0,0.2,0.20833333333333334,1.0,0.0,5,2.8020784000000276,1.0,0,2.1577448994225534e-08,0,0,0,0,0.9647145884944146,1.0,52.988614350546115,completed,,
voltage_noise_std_pu-0.002-seed44,voltage_noise_std_pu,0.002,44,0.0,0.0,0.0,0.17076923076923078,0.17076923076923078,0.2,0.6,0.20833333333333334,1.0,0.0,5,2.8180405000020983,1.0,0,2.2016947265335318e-08,0,0,0,0,0.967813521971496,1.0,54.987304970135234,completed,,
voltage_noise_std_pu-0.002-seed45,voltage_noise_std_pu,0.002,45,0.25,0.2,0.2222222222222222,0.22803030303030303,0.22803030303030303,0.2,0.6,0.16666666666666666,1.0,0.0,5,2.7895986000003177,1.0,0,2.3804477888855757e-08,0,0,0,0,0.965969758366562,1.0,54.60851551554524,completed,,
voltage_noise_std_pu-0.002-seed46,voltage_noise_std_pu,0.002,46,0.0,0.0,0.0,0.1891025641025641,0.1891025641025641,0.0,0.4,0.20833333333333334,1.0,0.0,5,2.707371599997714,1.0,0,1.8981901050985073e-08,0,0,0,0,0.9660955035313554,1.0,53.384620821505166,completed,,
missing_rate-0.0-seed42,missing_rate,0.0,42,0.14285714285714285,0.2,0.16666666666666666,0.25999999999999995,0.25999999999999995,0.2,0.4,0.2916666666666667,1.0,0.0,5,2.702983700000914,1.0,0,2.6674111364144437e-08,0,0,0,0,0.9642936297004044,1.0,53.940052000470985,completed,,
missing_rate-0.0-seed43,missing_rate,0.0,43,0.14285714285714285,0.2,0.16666666666666666,0.2,0.2,0.0,0.4,0.2916666666666667,1.0,0.0,5,2.840460699997493,1.0,0,2.1577448994225534e-08,0,0,0,0,0.9647145884944146,1.0,52.988614350546115,completed,,
missing_rate-0.0-seed44,missing_rate,0.0,44,0.09090909090909091,0.2,0.125,0.17514152514152515,0.17514152514152515,0.4,0.8,0.4583333333333333,1.0,0.0,5,2.806612300002598,1.0,0,2.2016947265335318e-08,0,0,0,0,0.967813521971496,1.0,54.987304970135234,completed,,
missing_rate-0.0-seed45,missing_rate,0.0,45,0.125,0.2,0.15384615384615385,0.22243589743589742,0.22243589743589742,0.2,0.6,0.3333333333333333,1.0,0.0,5,2.86584700000094,1.0,0,2.3804477888855757e-08,0,0,0,0,0.965969758366562,1.0,54.60851551554524,completed,,
missing_rate-0.0-seed46,missing_rate,0.0,46,0.1111111111111111,0.2,0.14285714285714285,0.19166666666666665,0.19166666666666665,0.0,0.6,0.375,1.0,0.0,5,2.695203200000833,1.0,0,1.8981901050985073e-08,0,0,0,0,0.9660955035313554,1.0,53.384620821505166,completed,,
missing_rate-0.01-seed42,missing_rate,0.01,42,0.14285714285714285,0.2,0.16666666666666666,0.3778787878787879,0.3778787878787879,0.2,0.4,0.2916666666666667,1.0,0.0,5,2.866525100002036,1.0,0,2.6674111364144437e-08,0,0,0,0,0.9642936297004044,1.0,53.940052000470985,completed,,
missing_rate-0.01-seed43,missing_rate,0.01,43,0.14285714285714285,0.2,0.16666666666666666,0.2,0.2,0.0,0.4,0.2916666666666667,1.0,0.0,5,2.8129489999992074,1.0,0,2.1577448994225534e-08,0,0,0,0,0.9647145884944146,1.0,52.988614350546115,completed,,
missing_rate-0.01-seed44,missing_rate,0.01,44,0.0,0.0,0.0,0.17362637362637362,0.17362637362637362,0.4,0.8,0.4166666666666667,1.0,0.0,5,2.8049859999991895,1.0,0,2.2016947265335318e-08,0,0,0,0,0.967813521971496,1.0,54.987304970135234,completed,,
missing_rate-0.01-seed45,missing_rate,0.01,45,0.1111111111111111,0.2,0.14285714285714285,0.35833333333333334,0.35833333333333334,0.2,0.6,0.375,1.0,0.0,5,2.585394300000189,1.0,0,2.3804477888855757e-08,0,0,0,0,0.965969758366562,1.0,54.60851551554524,completed,,
missing_rate-0.01-seed46,missing_rate,0.01,46,0.125,0.2,0.15384615384615385,0.19833333333333333,0.19833333333333333,0.0,0.4,0.3333333333333333,1.0,0.0,5,2.544729400000506,1.0,0,1.8981901050985073e-08,0,0,0,0,0.9660955035313554,1.0,53.384620821505166,completed,,
missing_rate-0.05-seed42,missing_rate,0.05,42,0.125,0.2,0.15384615384615385,0.3778787878787879,0.3778787878787879,0.2,0.4,0.3333333333333333,1.0,0.0,5,2.5348612000016146,1.0,0,2.6674111364144437e-08,0,0,0,0,0.9642936297004044,1.0,53.940052000470985,completed,,
missing_rate-0.05-seed43,missing_rate,0.05,43,0.14285714285714285,0.2,0.16666666666666666,0.20576923076923076,0.20576923076923076,0.0,0.4,0.2916666666666667,1.0,0.0,5,2.949533300001349,1.0,0,2.1577448994225534e-08,0,0,0,0,0.9647145884944146,1.0,52.988614350546115,completed,,
missing_rate-0.05-seed44,missing_rate,0.05,44,0.09090909090909091,0.2,0.125,0.181002331002331,0.181002331002331,0.4,0.8,0.4583333333333333,1.0,0.0,5,2.7882931000021927,1.0,0,2.2016947265335318e-08,0,0,0,0,0.967813521971496,1.0,54.987304970135234,completed,,
missing_rate-0.05-seed45,missing_rate,0.05,45,0.125,0.2,0.15384615384615385,0.22499999999999998,0.22499999999999998,0.2,0.6,0.3333333333333333,1.0,0.0,5,3.0445297000005667,1.0,0,2.3804477888855757e-08,0,0,0,0,0.965969758366562,1.0,54.60851551554524,completed,,
missing_rate-0.05-seed46,missing_rate,0.05,46,0.125,0.2,0.15384615384615385,0.19166666666666665,0.19166666666666665,0.0,0.4,0.3333333333333333,1.0,0.0,5,2.531125899997278,1.0,0,1.8981901050985073e-08,0,0,0,0,0.9660955035313554,1.0,53.384620821505166,completed,,
missing_rate-0.1-seed42,missing_rate,0.1,42,0.14285714285714285,0.2,0.16666666666666666,0.22232323232323234,0.22232323232323234,0.2,0.4,0.2916666666666667,1.0,0.0,5,2.795291799997358,1.0,0,2.6674111364144437e-08,0,0,0,0,0.9642936297004044,1.0,53.940052000470985,completed,,
missing_rate-0.1-seed43,missing_rate,0.1,43,0.14285714285714285,0.2,0.16666666666666666,0.19523809523809527,0.19523809523809527,0.0,0.4,0.2916666666666667,1.0,0.0,5,2.6685340000003634,1.0,0,2.1577448994225534e-08,0,0,0,0,0.9647145884944146,1.0,52.988614350546115,completed,,
missing_rate-0.1-seed44,missing_rate,0.1,44,0.0,0.0,0.0,0.181002331002331,0.181002331002331,0.2,0.8,0.4166666666666667,1.0,0.0,5,2.898590000000695,1.0,0,2.2016947265335318e-08,0,0,0,0,0.967813521971496,1.0,54.987304970135234,completed,,
missing_rate-0.1-seed45,missing_rate,0.1,45,0.125,0.2,0.15384615384615385,0.20833333333333331,0.20833333333333331,0.2,0.6,0.3333333333333333,1.0,0.0,5,2.7355490000009013,1.0,0,2.3804477888855757e-08,0,0,0,0,0.965969758366562,1.0,54.60851551554524,completed,,
missing_rate-0.1-seed46,missing_rate,0.1,46,0.1,0.2,0.13333333333333333,0.1869047619047619,0.1869047619047619,0.0,0.6,0.4166666666666667,1.0,0.0,5,2.7752024000001256,1.0,0,1.8981901050985073e-08,0,0,0,0,0.9660955035313554,1.0,53.384620821505166,completed,,
time_shift_steps-0-seed42,time_shift_steps,0,42,0.14285714285714285,0.2,0.16666666666666666,0.3778787878787879,0.3778787878787879,0.2,0.4,0.2916666666666667,1.0,0.0,5,2.7744849999980943,1.0,0,2.6674111364144437e-08,0,0,0,0,0.9642936297004044,1.0,53.940052000470985,completed,,
time_shift_steps-0-seed43,time_shift_steps,0,43,0.14285714285714285,0.2,0.16666666666666666,0.2,0.2,0.0,0.4,0.2916666666666667,1.0,0.0,5,2.875109699998575,1.0,0,2.1577448994225534e-08,0,0,0,0,0.9647145884944146,1.0,52.988614350546115,completed,,
time_shift_steps-0-seed44,time_shift_steps,0,44,0.0,0.0,0.0,0.17362637362637362,0.17362637362637362,0.4,0.8,0.4166666666666667,1.0,0.0,5,2.7308357000001706,1.0,0,2.2016947265335318e-08,0,0,0,0,0.967813521971496,1.0,54.987304970135234,completed,,
time_shift_steps-0-seed45,time_shift_steps,0,45,0.1111111111111111,0.2,0.14285714285714285,0.35833333333333334,0.35833333333333334,0.2,0.6,0.375,1.0,0.0,5,2.7979444000011426,1.0,0,2.3804477888855757e-08,0,0,0,0,0.965969758366562,1.0,54.60851551554524,completed,,
time_shift_steps-0-seed46,time_shift_steps,0,46,0.125,0.2,0.15384615384615385,0.19833333333333333,0.19833333333333333,0.0,0.4,0.3333333333333333,1.0,0.0,5,2.679507199998625,1.0,0,1.8981901050985073e-08,0,0,0,0,0.9660955035313554,1.0,53.384620821505166,completed,,
time_shift_steps-1-seed42,time_shift_steps,1,42,0.14285714285714285,0.2,0.16666666666666666,0.3778787878787879,0.3778787878787879,0.2,0.4,0.2916666666666667,1.0,0.0,5,2.9865267999994103,1.0,0,2.6674111364144437e-08,0,0,0,0,0.9642936297004044,1.0,53.940052000470985,completed,,
time_shift_steps-1-seed43,time_shift_steps,1,43,0.14285714285714285,0.2,0.16666666666666666,0.2,0.2,0.0,0.4,0.2916666666666667,1.0,0.0,5,2.8693339999990712,1.0,0,2.1577448994225534e-08,0,0,0,0,0.9647145884944146,1.0,52.988614350546115,completed,,
time_shift_steps-1-seed44,time_shift_steps,1,44,0.0,0.0,0.0,0.17362637362637362,0.17362637362637362,0.2,0.8,0.4166666666666667,1.0,0.0,5,2.88061160000143,1.0,0,2.2016947265335318e-08,0,0,0,0,0.967813521971496,1.0,54.987304970135234,completed,,
time_shift_steps-1-seed45,time_shift_steps,1,45,0.1111111111111111,0.2,0.14285714285714285,0.3535714285714286,0.3535714285714286,0.2,0.6,0.375,1.0,0.0,5,2.822369699999399,1.0,0,2.3804477888855757e-08,0,0,0,0,0.965969758366562,1.0,54.60851551554524,completed,,
time_shift_steps-1-seed46,time_shift_steps,1,46,0.125,0.2,0.15384615384615385,0.19576923076923078,0.19576923076923078,0.0,0.4,0.3333333333333333,1.0,0.0,5,2.68786209999962,1.0,0,1.8981901050985073e-08,0,0,0,0,0.9660955035313554,1.0,53.384620821505166,completed,,
time_shift_steps-2-seed42,time_shift_steps,2,42,0.14285714285714285,0.2,0.16666666666666666,0.37333333333333335,0.37333333333333335,0.2,0.4,0.2916666666666667,1.0,0.0,5,2.8651866000000155,1.0,0,2.6674111364144437e-08,0,0,0,0,0.9642936297004044,1.0,53.940052000470985,completed,,
time_shift_steps-2-seed43,time_shift_steps,2,43,0.14285714285714285,0.2,0.16666666666666666,0.2,0.2,0.0,0.4,0.2916666666666667,1.0,0.0,5,2.8212167999990925,1.0,0,2.1577448994225534e-08,0,0,0,0,0.9647145884944146,1.0,52.988614350546115,completed,,
time_shift_steps-2-seed44,time_shift_steps,2,44,0.0,0.0,0.0,0.17362637362637362,0.17362637362637362,0.4,0.8,0.4166666666666667,1.0,0.0,5,2.6688795000009122,1.0,0,2.2016947265335318e-08,0,0,0,0,0.967813521971496,1.0,54.987304970135234,completed,,
time_shift_steps-2-seed45,time_shift_steps,2,45,0.1111111111111111,0.2,0.14285714285714285,0.3535714285714286,0.3535714285714286,0.2,0.6,0.375,1.0,0.0,5,2.681092399998306,1.0,0,2.3804477888855757e-08,0,0,0,0,0.965969758366562,1.0,54.60851551554524,completed,,
time_shift_steps-2-seed46,time_shift_steps,2,46,0.125,0.2,0.15384615384615385,0.19833333333333333,0.19833333333333333,0.0,0.4,0.3333333333333333,1.0,0.0,5,2.7728557999980694,1.0,0,1.8981901050985073e-08,0,0,0,0,0.9660955035313554,1.0,53.384620821505166,completed,,
time_shift_steps-4-seed42,time_shift_steps,4,42,0.14285714285714285,0.2,0.16666666666666666,0.38316993464052285,0.38316993464052285,0.2,0.4,0.2916666666666667,1.0,0.0,5,2.735506799999712,1.0,0,2.6674111364144437e-08,0,0,0,0,0.9642936297004044,1.0,53.940052000470985,completed,,
time_shift_steps-4-seed43,time_shift_steps,4,43,0.14285714285714285,0.2,0.16666666666666666,0.2,0.2,0.0,0.4,0.2916666666666667,1.0,0.0,5,2.9254677000026277,1.0,0,2.1577448994225534e-08,0,0,0,0,0.9647145884944146,1.0,52.988614350546115,completed,,
time_shift_steps-4-seed44,time_shift_steps,4,44,0.0,0.0,0.0,0.16606334841628959,0.16606334841628959,0.4,0.8,0.4166666666666667,1.0,0.0,5,2.4918126999982633,1.0,0,2.2016947265335318e-08,0,0,0,0,0.967813521971496,1.0,54.987304970135234,completed,,
time_shift_steps-4-seed45,time_shift_steps,4,45,0.125,0.2,0.15384615384615385,0.3557692307692308,0.3557692307692308,0.2,0.4,0.3333333333333333,1.0,0.0,5,2.734442700002546,1.0,0,2.3804477888855757e-08,0,0,0,0,0.965969758366562,1.0,54.60851551554524,completed,,
time_shift_steps-4-seed46,time_shift_steps,4,46,0.1,0.2,0.13333333333333333,0.19576923076923078,0.19576923076923078,0.0,0.4,0.4166666666666667,1.0,0.0,5,2.8032787000011012,1.0,0,1.8981901050985073e-08,0,0,0,0,0.9660955035313554,1.0,53.384620821505166,completed,,
pv_scale-0.0-seed42,pv_scale,0.0,42,0.18181818181818182,0.4,0.25,0.2633333333333333,0.2633333333333333,0.2,0.6,0.4583333333333333,1.0,0.0,5,50.940704300002835,1.0,0,2.6674355169120645e-08,0,0,0,0,0.9619919092996259,1.0,54.24602949033041,completed,,
pv_scale-0.0-seed43,pv_scale,0.0,43,0.125,0.2,0.15384615384615385,0.19523809523809527,0.19523809523809527,0.0,0.8,0.3333333333333333,1.0,0.0,5,72.87257920000047,1.0,0,2.15776165823911e-08,0,0,0,0,0.9621723768993199,1.0,53.04260435196038,completed,,
pv_scale-0.0-seed44,pv_scale,0.0,44,0.0,0.0,0.0,0.16180926916221033,0.16180926916221033,0.4,0.6,0.375,1.0,0.0,5,83.55428949999987,1.0,0,2.201717136385284e-08,0,0,0,0,0.9644123833500197,1.0,55.04213664544043,completed,,
pv_scale-0.0-seed45,pv_scale,0.0,45,0.14285714285714285,0.2,0.16666666666666666,0.375,0.375,0.2,0.6,0.2916666666666667,1.0,0.0,5,83.59165989999747,1.0,0,2.380467450935342e-08,0,0,0,0,0.9634680539149434,1.0,54.671964099433666,completed,,
pv_scale-0.0-seed46,pv_scale,0.0,46,0.125,0.2,0.15384615384615385,0.1869047619047619,0.1869047619047619,0.0,0.2,0.3333333333333333,1.0,0.0,5,74.13821370000005,1.0,0,1.8982319160976147e-08,0,0,0,0,0.9638076856932625,1.0,53.40805992271326,completed,,
pv_scale-1.0-seed42,pv_scale,1.0,42,0.14285714285714285,0.2,0.16666666666666666,0.3778787878787879,0.3778787878787879,0.2,0.4,0.2916666666666667,1.0,0.0,5,1.4398581000023114,1.0,0,2.6674111364144437e-08,0,0,0,0,0.9642936297004044,1.0,53.940052000470985,completed,,
pv_scale-1.0-seed43,pv_scale,1.0,43,0.14285714285714285,0.2,0.16666666666666666,0.2,0.2,0.0,0.4,0.2916666666666667,1.0,0.0,5,1.4698881000003894,1.0,0,2.1577448994225534e-08,0,0,0,0,0.9647145884944146,1.0,52.988614350546115,completed,,
pv_scale-1.0-seed44,pv_scale,1.0,44,0.0,0.0,0.0,0.17362637362637362,0.17362637362637362,0.4,0.8,0.4166666666666667,1.0,0.0,5,1.6678792999991856,1.0,0,2.2016947265335318e-08,0,0,0,0,0.967813521971496,1.0,54.987304970135234,completed,,
pv_scale-1.0-seed45,pv_scale,1.0,45,0.1111111111111111,0.2,0.14285714285714285,0.35833333333333334,0.35833333333333334,0.2,0.6,0.375,1.0,0.0,5,2.6475884999999835,1.0,0,2.3804477888855757e-08,0,0,0,0,0.965969758366562,1.0,54.60851551554524,completed,,
pv_scale-1.0-seed46,pv_scale,1.0,46,0.125,0.2,0.15384615384615385,0.19833333333333333,0.19833333333333333,0.0,0.4,0.3333333333333333,1.0,0.0,5,2.834710499999346,1.0,0,1.8981901050985073e-08,0,0,0,0,0.9660955035313554,1.0,53.384620821505166,completed,,
pv_scale-2.0-seed42,pv_scale,2.0,42,0.14285714285714285,0.2,0.16666666666666666,0.36969696969696975,0.36969696969696975,0.2,0.4,0.2916666666666667,1.0,0.0,5,51.18503890000284,1.0,0,2.6674248254643373e-08,0,0,0,0,0.9665001412470995,1.0,53.87787232569657,completed,,
pv_scale-2.0-seed43,pv_scale,2.0,43,0.14285714285714285,0.2,0.16666666666666666,0.22333333333333336,0.22333333333333336,0.0,0.4,0.2916666666666667,1.0,0.0,5,48.10843810000006,1.0,0,2.157722872597745e-08,0,0,0,0,0.9668402355713165,1.0,52.93602207096565,completed,,
pv_scale-2.0-seed44,pv_scale,2.0,44,0.0,0.0,0.0,0.1776765391471274,0.1776765391471274,0.2,0.6,0.375,1.0,0.0,5,47.950838299999305,1.0,0,2.2016937550883853e-08,0,0,0,0,0.9688689325328846,1.0,54.93882239717697,completed,,
pv_scale-2.0-seed45,pv_scale,2.0,45,0.125,0.2,0.15384615384615385,0.3535714285714286,0.3535714285714286,0.2,0.6,0.3333333333333333,1.0,0.0,5,48.8656899000016,1.0,0,2.3804677840022492e-08,0,0,0,0,0.9672040195789543,1.0,54.54661693093706,completed,,
pv_scale-2.0-seed46,pv_scale,2.0,46,0.14285714285714285,0.2,0.16666666666666666,0.20277777777777778,0.20277777777777778,0.0,0.4,0.2916666666666667,1.0,0.0,5,48.44321499999933,1.0,0,1.8982192317995583e-08,0,0,0,0,0.9680703484475854,1.0,53.362049675727974,completed,,
pv_scale-4.0-seed42,pv_scale,4.0,42,0.1111111111111111,0.2,0.14285714285714285,0.38496336996337,0.38496336996337,0.0,0.4,0.375,1.0,0.0,5,49.303164500001,1.0,0,2.667396220568108e-08,0,0,0,0,0.9690210216536371,1.0070148709251507,95.5196373578164,completed,,
pv_scale-4.0-seed43,pv_scale,4.0,43,0.16666666666666666,0.2,0.18181818181818182,0.2652930402930403,0.2652930402930403,0.2,0.6,0.25,1.0,0.0,5,49.39693389999957,1.0,0,2.1577410247441975e-08,0,0,0,0,0.9680459837709435,1.0089815682441812,99.6898036542588,completed,,
pv_scale-4.0-seed44,pv_scale,4.0,44,0.2857142857142857,0.4,0.3333333333333333,0.292156862745098,0.292156862745098,0.4,0.8,0.2916666666666667,1.0,0.0,5,48.79176129999905,1.0,0,2.2017100531623868e-08,0,0,0,0,0.9705731267554043,1.0072717654795729,96.06114926853097,completed,,
pv_scale-4.0-seed45,pv_scale,4.0,45,0.14285714285714285,0.2,0.16666666666666666,0.225,0.225,0.2,0.6,0.2916666666666667,1.0,0.0,5,49.533113200002845,1.0,0,2.3804636539725976e-08,0,0,0,0,0.9688226115782687,1.0092667547356549,99.49213349936996,completed,,
pv_scale-4.0-seed46,pv_scale,4.0,46,0.14285714285714285,0.2,0.16666666666666666,0.2355982905982906,0.2355982905982906,0.0,0.4,0.2916666666666667,1.0,0.0,5,49.50411619999795,1.0,0,1.8982126037681013e-08,0,0,0,0,0.9701642360848028,1.0073249215423277,96.66225842787365,completed,,
ablation-full-seed42,ablation,full,42,0.14285714285714285,0.2,0.16666666666666666,0.3778787878787879,0.3778787878787879,0.2,0.4,0.2916666666666667,1.0,0.0,5,1.4450715999992099,1.0,0,2.6674111364144437e-08,0,0,0,0,0.9642936297004044,1.0,53.940052000470985,completed,,
ablation-full-seed43,ablation,full,43,0.14285714285714285,0.2,0.16666666666666666,0.2,0.2,0.0,0.4,0.2916666666666667,1.0,0.0,5,1.5701811999970232,1.0,0,2.1577448994225534e-08,0,0,0,0,0.9647145884944146,1.0,52.988614350546115,completed,,
ablation-full-seed44,ablation,full,44,0.0,0.0,0.0,0.17362637362637362,0.17362637362637362,0.4,0.8,0.4166666666666667,1.0,0.0,5,1.463162599997304,1.0,0,2.2016947265335318e-08,0,0,0,0,0.967813521971496,1.0,54.987304970135234,completed,,
ablation-full-seed45,ablation,full,45,0.1111111111111111,0.2,0.14285714285714285,0.35833333333333334,0.35833333333333334,0.2,0.6,0.375,1.0,0.0,5,1.607285199999751,1.0,0,2.3804477888855757e-08,0,0,0,0,0.965969758366562,1.0,54.60851551554524,completed,,
ablation-full-seed46,ablation,full,46,0.125,0.2,0.15384615384615385,0.19833333333333333,0.19833333333333333,0.0,0.4,0.3333333333333333,1.0,0.0,5,1.435501399999339,1.0,0,1.8981901050985073e-08,0,0,0,0,0.9660955035313554,1.0,53.384620821505166,completed,,
ablation-without_residual-seed42,ablation,without_residual,42,0.0,0.0,0.0,0.3566666666666667,0.3566666666666667,0.2,0.4,0.0,1.0,0.0,5,1.6211408999988635,1.0,0,2.6674111364144437e-08,0,0,0,0,0.9642936297004044,1.0,53.940052000470985,completed,,
ablation-without_residual-seed43,ablation,without_residual,43,0.0,0.0,0.0,0.19842245989304813,0.19842245989304813,0.4,0.6,0.0,1.0,0.0,5,1.4810271999995166,1.0,0,2.1577448994225534e-08,0,0,0,0,0.9647145884944146,1.0,52.988614350546115,completed,,
ablation-without_residual-seed44,ablation,without_residual,44,0.0,0.0,0.0,0.18937229437229436,0.18937229437229436,0.6,0.8,0.0,1.0,0.0,5,1.569700500000181,1.0,0,2.2016947265335318e-08,0,0,0,0,0.967813521971496,1.0,54.987304970135234,completed,,
ablation-without_residual-seed45,ablation,without_residual,45,0.0,0.0,0.0,0.2706349206349207,0.2706349206349207,0.2,0.4,0.0,1.0,0.0,5,1.4610537000007753,1.0,0,2.3804477888855757e-08,0,0,0,0,0.965969758366562,1.0,54.60851551554524,completed,,
ablation-without_residual-seed46,ablation,without_residual,46,0.0,0.0,0.0,0.2,0.2,0.0,0.0,0.0,1.0,0.0,5,1.4730529000007664,1.0,0,1.8981901050985073e-08,0,0,0,0,0.9660955035313554,1.0,53.384620821505166,completed,,
ablation-without_difference-seed42,ablation,without_difference,42,0.1111111111111111,0.2,0.14285714285714285,0.37333333333333335,0.37333333333333335,0.2,0.4,0.375,1.0,0.0,5,1.565533000000869,1.0,0,2.6674111364144437e-08,0,0,0,0,0.9642936297004044,1.0,53.940052000470985,completed,,
ablation-without_difference-seed43,ablation,without_difference,43,0.14285714285714285,0.2,0.16666666666666666,0.2,0.2,0.0,0.4,0.2916666666666667,1.0,0.0,5,1.4925155000019004,1.0,0,2.1577448994225534e-08,0,0,0,0,0.9647145884944146,1.0,52.988614350546115,completed,,
ablation-without_difference-seed44,ablation,without_difference,44,0.0,0.0,0.0,0.17362637362637362,0.17362637362637362,0.2,0.8,0.4583333333333333,1.0,0.0,5,1.6014115999969363,1.0,0,2.2016947265335318e-08,0,0,0,0,0.967813521971496,1.0,54.987304970135234,completed,,
ablation-without_difference-seed45,ablation,without_difference,45,0.1,0.2,0.13333333333333333,0.35833333333333334,0.35833333333333334,0.2,0.6,0.4166666666666667,1.0,0.0,5,1.4509056999995664,1.0,0,2.3804477888855757e-08,0,0,0,0,0.965969758366562,1.0,54.60851551554524,completed,,
ablation-without_difference-seed46,ablation,without_difference,46,0.09090909090909091,0.2,0.125,0.19833333333333333,0.19833333333333333,0.0,0.6,0.4583333333333333,1.0,0.0,5,1.6125764999997045,1.0,0,1.8981901050985073e-08,0,0,0,0,0.9660955035313554,1.0,53.384620821505166,completed,,
ablation-without_rolling-seed42,ablation,without_rolling,42,0.1111111111111111,0.2,0.14285714285714285,0.37333333333333335,0.37333333333333335,0.2,0.4,0.375,1.0,0.0,5,1.4693193000020983,1.0,0,2.6674111364144437e-08,0,0,0,0,0.9642936297004044,1.0,53.940052000470985,completed,,
ablation-without_rolling-seed43,ablation,without_rolling,43,0.14285714285714285,0.2,0.16666666666666666,0.19523809523809527,0.19523809523809527,0.0,0.4,0.2916666666666667,1.0,0.0,5,1.573469799997838,1.0,0,2.1577448994225534e-08,0,0,0,0,0.9647145884944146,1.0,52.988614350546115,completed,,
ablation-without_rolling-seed44,ablation,without_rolling,44,0.0,0.0,0.0,0.17362637362637362,0.17362637362637362,0.2,0.8,0.4583333333333333,1.0,0.0,5,1.455676699999458,1.0,0,2.2016947265335318e-08,0,0,0,0,0.967813521971496,1.0,54.987304970135234,completed,,
ablation-without_rolling-seed45,ablation,without_rolling,45,0.1,0.2,0.13333333333333333,0.3557692307692308,0.3557692307692308,0.2,0.6,0.4166666666666667,1.0,0.0,5,1.5813921999979357,1.0,0,2.3804477888855757e-08,0,0,0,0,0.965969758366562,1.0,54.60851551554524,completed,,
ablation-without_rolling-seed46,ablation,without_rolling,46,0.09090909090909091,0.2,0.125,0.19833333333333333,0.19833333333333333,0.0,0.6,0.4583333333333333,1.0,0.0,5,1.492301900001621,1.0,0,1.8981901050985073e-08,0,0,0,0,0.9660955035313554,1.0,53.384620821505166,completed,,
ablation-without_events-seed42,ablation,without_events,42,0.14285714285714285,0.2,0.16666666666666666,0.3778787878787879,0.3778787878787879,0.2,0.4,0.2916666666666667,1.0,0.0,5,1.5775191000029736,1.0,0,2.6674111364144437e-08,0,0,0,0,0.9642936297004044,1.0,53.940052000470985,completed,,
ablation-without_events-seed43,ablation,without_events,43,0.14285714285714285,0.2,0.16666666666666666,0.2,0.2,0.0,0.4,0.2916666666666667,1.0,0.0,5,1.5060306000013952,1.0,0,2.1577448994225534e-08,0,0,0,0,0.9647145884944146,1.0,52.988614350546115,completed,,
ablation-without_events-seed44,ablation,without_events,44,0.0,0.0,0.0,0.17362637362637362,0.17362637362637362,0.2,0.8,0.4166666666666667,1.0,0.0,5,1.5189098000009835,1.0,0,2.2016947265335318e-08,0,0,0,0,0.967813521971496,1.0,54.987304970135234,completed,,
ablation-without_events-seed45,ablation,without_events,45,0.1111111111111111,0.2,0.14285714285714285,0.35833333333333334,0.35833333333333334,0.2,0.6,0.375,1.0,0.0,5,1.4655779999993683,1.0,0,2.3804477888855757e-08,0,0,0,0,0.965969758366562,1.0,54.60851551554524,completed,,
ablation-without_events-seed46,ablation,without_events,46,0.1111111111111111,0.2,0.14285714285714285,0.19833333333333333,0.19833333333333333,0.0,0.4,0.375,1.0,0.0,5,1.6079205999994883,1.0,0,1.8981901050985073e-08,0,0,0,0,0.9660955035313554,1.0,53.384620821505166,completed,,
ablation-without_power-seed42,ablation,without_power,42,0.14285714285714285,0.2,0.16666666666666666,0.3778787878787879,0.3778787878787879,0.2,0.4,0.2916666666666667,1.0,0.0,5,1.4735259000008227,1.0,0,2.6674111364144437e-08,0,0,0,0,0.9642936297004044,1.0,53.940052000470985,completed,,
ablation-without_power-seed43,ablation,without_power,43,0.14285714285714285,0.2,0.16666666666666666,0.2,0.2,0.0,0.4,0.2916666666666667,1.0,0.0,5,1.5965762000014365,1.0,0,2.1577448994225534e-08,0,0,0,0,0.9647145884944146,1.0,52.988614350546115,completed,,
ablation-without_power-seed44,ablation,without_power,44,0.0,0.0,0.0,0.17362637362637362,0.17362637362637362,0.2,0.8,0.4166666666666667,1.0,0.0,5,1.454381999999896,1.0,0,2.2016947265335318e-08,0,0,0,0,0.967813521971496,1.0,54.987304970135234,completed,,
ablation-without_power-seed45,ablation,without_power,45,0.1111111111111111,0.2,0.14285714285714285,0.35833333333333334,0.35833333333333334,0.2,0.6,0.375,1.0,0.0,5,1.6112371000017447,1.0,0,2.3804477888855757e-08,0,0,0,0,0.965969758366562,1.0,54.60851551554524,completed,,
ablation-without_power-seed46,ablation,without_power,46,0.125,0.2,0.15384615384615385,0.19833333333333333,0.19833333333333333,0.0,0.4,0.3333333333333333,1.0,0.0,5,1.5567973999968672,1.0,0,1.8981901050985073e-08,0,0,0,0,0.9660955035313554,1.0,53.384620821505166,completed,,
