family,value,n_completed,failure_count,mean_precision,std_precision,mean_recall,std_recall,mean_f1,std_f1,mean_pr_auc,std_pr_auc,mean_pr_auc_scored,std_pr_auc_scored,mean_top1_correction_rate,std_top1_correction_rate,mean_top2_correction_rate,std_top2_correction_rate,mean_automatic_coverage,std_automatic_coverage,mean_scored_coverage,std_scored_coverage,mean_insufficient_data_rate,std_insufficient_data_rate,mean_n_actual_errors,std_n_actual_errors,mean_runtime_seconds,std_runtime_seconds,mean_convergence_rate,std_convergence_rate,mean_violation_count,std_violation_count,mean_maximum_power_balance_error_mw,std_maximum_power_balance_error_mw,mean_non_convergence_count,std_non_convergence_count,mean_power_balance_count,std_power_balance_count,mean_voltage_out_of_bounds_count,std_voltage_out_of_bounds_count,mean_transformer_overload_count,std_transformer_overload_count,mean_voltage_min_pu,std_voltage_min_pu,mean_voltage_max_pu,std_voltage_max_pu,mean_maximum_transformer_loading_percent,std_maximum_transformer_loading_percent
ablation,full,5,0,0.10436507936507936,0.05984700616689474,0.16,0.08944271909999159,0.126007326007326,0.07113917141163058,0.26163436563436565,0.09799831431176678,0.26163436563436565,0.09799831431176678,0.16,0.16733200530681513,0.52,0.17888543819998318,0.3416666666666667,0.054326686710022075,1.0,0.0,0.0,0.0,5.0,0.0,1.3580866599999353,0.08243806428435087,1.0,0.0,0.0,0.0,2.2610977312709224e-08,2.851523669062513e-09,0.0,0.0,0.0,0.0,0.0,0.0,0.0,0.0,0.9657774004128464,0.0013797759672335816,1.0,0.0,53.98182153164055,0.8289445369033014
ablation,without_difference,5,0,0.08897546897546897,0.0534675946030536,0.16,0.08944271909999159,0.11357142857142857,0.06537654755737367,0.26072527472527474,0.0966623503263575,0.26072527472527474,0.0966623503263575,0.12000000000000002,0.10954451150103323,0.56,0.1673320053068151,0.4,0.06972166887783961,1.0,0.0,0.0,0.0,5.0,0.0,1.3691393600000084,0.0780908105921371,1.0,0.0,0.0,0.0,2.2610977312709224e-08,2.851523669062513e-09,0.0,0.0,0.0,0.0,0.0,0.0,0.0,0.0,0.9657774004128464,0.0013797759672335816,1.0,0.0,53.98182153164055,0.8289445369033014
ablation,without_events,5,0,0.10158730158730159,0.05896563689208479,0.16,0.08944271909999159,0.12380952380952381,0.07022800573215536,0.26163436563436565,0.09799831431176678,0.26163436563436565,0.09799831431176678,0.12000000000000002,0.10954451150103323,0.52,0.17888543819998318,0.35,0.055901699437494734,1.0,0.0,0.0,0.0,5.0,0.0,1.370644319999883,0.04523965653048347,1.0,0.0,0.0,0.0,2.2610977312709224e-08,2.851523669062513e-09,0.0,0.0,0.0,0.0,0.0,0.0,0.0,0.0,0.9657774004128464,0.0013797759672335816,1.0,0.0,53.98182153164055,0.8289445369033014
ablation,without_power,5,0,0.10436507936507936,0.05984700616689474,0.16,0.08944271909999159,0.126007326007326,0.07113917141163058,0.26163436563436565,0.09799831431176678,0.26163436563436565,0.09799831431176678,0.12000000000000002,0.10954451150103323,0.52,0.17888543819998318,0.3416666666666667,0.054326686710022075,1.0,0.0,0.0,0.0,5.0,0.0,1.34818318000016,0.0722977069189099,1.0,0.0,0.0,0.0,2.2610977312709224e-08,2.851523669062513e-09,0.0,0.0,0.0,0.0,0.0,0.0,0.0,0.0,0.9657774004128464,0.0013797759672335816,1.0,0.0,53.98182153164055,0.8289445369033014
ablation,without_residual,5,0,0.0,0.0,0.0,0.0,0.0,0.0,0.243019268313386,0.07140708295776535,0.243019268313386,0.07140708295776535,0.28,0.22803508501982758,0.44000000000000006,0.2966479394838265,0.0,0.0,1.0,0.0,0.0,0.0,5.0,0.0,1.3513100800002575,0.07742790911489156,1.0,0.0,0.0,0.0,2.2610977312709224e-08,2.851523669062513e-09,0.0,0.0,0.0,0.0,0.0,0.0,0.0,0.0,0.9657774004128464,0.0013797759672335816,1.0,0.0,53.98182153164055,0.8289445369033014
ablation,without_rolling,5,0,0.08897546897546897,0.0534675946030536,0.16,0.08944271909999159,0.11357142857142857,0.06537654755737367,0.2592600732600733,0.09678679916157334,0.2592600732600733,0.09678679916157334,0.12000000000000002,0.10954451150103323,0.56,0.1673320053068151,0.4,0.06972166887783961,1.0,0.0,0.0,0.0,5.0,0.0,1.3449730000000273,0.08167807342355486,1.0,0.0,0.0,0.0,2.2610977312709224e-08,2.851523669062513e-09,0.0,0.0,0.0,0.0,0.0,0.0,0.0,0.0,0.9657774004128464,0.0013797759672335816,1.0,0.0,53.98182153164055,0.8289445369033014
ledger_error_rate,0.05,5,0,0.0,0.0,0.0,0.0,0.0,0.0,0.041666666666666664,0.0,0.041666666666666664,0.0,0.0,0.0,0.2,0.44721359549995804,0.3833333333333333,0.09033118078616166,1.0,0.0,0.0,0.0,1.0,0.0,49.287729339999714,2.121800103303869,1.0,0.0,0.0,0.0,2.2610977312709224e-08,2.851523669062513e-09,0.0,0.0,0.0,0.0,0.0,0.0,0.0,0.0,0.9657774004128464,0.0013797759672335816,1.0,0.0,53.98182153164055,0.8289445369033014
ledger_error_rate,0.1,5,0,0.0,0.0,0.0,0.0,0.0,0.0,0.08002307333189686,0.012051442991427814,0.08002307333189686,0.012051442991427814,0.5,0.5,0.8,0.27386127875258304,0.3333333333333333,0.08838834764831843,1.0,0.0,0.0,0.0,2.0,0.0,1.4592487600000823,0.03509214045872283,1.0,0.0,0.0,0.0,2.2610977312709224e-08,2.851523669062513e-09,0.0,0.0,0.0,0.0,0.0,0.0,0.0,0.0,0.9657774004128464,0.0013797759672335816,1.0,0.0,53.98182153164055,0.8289445369033014
ledger_error_rate,0.2,5,0,0.10436507936507936,0.05984700616689474,0.16,0.08944271909999159,0.126007326007326,0.07113917141163058,0.26163436563436565,0.09799831431176678,0.26163436563436565,0.09799831431176678,0.16,0.16733200530681513,0.52,0.17888543819998318,0.3416666666666667,0.054326686710022075,1.0,0.0,0.0,0.0,5.0,0.0,1.4637105599997084,0.0331583035870579,1.0,0.0,0.0,0.0,2.2610977312709224e-08,2.851523669062513e-09,0.0,0.0,0.0,0.0,0.0,0.0,0.0,0.0,0.9657774004128464,0.0013797759672335816,1.0,0.0,53.98182153164055,0.8289445369033014
ledger_error_rate,0.3,5,0,0.24380952380952384,0.15453830000294572,0.3142857142857142,0.21189138534559035,0.27331932773109247,0.17717010717166898,0.3864223764588647,0.05998877790385256,0.3864223764588647,0.05998877790385256,0.2571428571428571,0.11952286093343936,0.5714285714285714,0.33502969713024494,0.3166666666666667,0.14006446928309677,1.0,0.0,0.0,0.0,7.0,0.0,1.4824715600001581,0.030555729500243618,1.0,0.0,0.0,0.0,2.2610977312709224e-08,2.851523669062513e-09,0.0,0.0,0.0,0.0,0.0,0.0,0.0,0.0,0.9657774004128464,0.0013797759672335816,1.0,0.0,53.98182153164055,0.8289445369033014
missing_rate,0.0,5,0,0.12254689754689756,0.022151511579496436,0.2,0.0,0.151007326007326,0.017616010719668684,0.20984881784881787,0.03280915133538206,0.20984881784881787,0.03280915133538206,0.16,0.16733200530681513,0.56,0.1673320053068151,0.35,0.06972166887783961,1.0,0.0,0.0,0.0,5.0,0.0,1.4386797199998909,0.045028398472253865,1.0,0.0,0.0,0.0,2.2610977312709224e-08,2.851523669062513e-09,0.0,0.0,0.0,0.0,0.0,0.0,0.0,0.0,0.9657774004128464,0.0013797759672335816,1.0,0.0,53.98182153164055,0.8289445369033014
missing_rate,0.01,5,0,0.10436507936507936,0.05984700616689474,0.16,0.08944271909999159,0.126007326007326,0.07113917141163058,0.26163436563436565,0.09799831431176678,0.26163436563436565,0.09799831431176678,0.16,0.16733200530681513,0.52,0.17888543819998318,0.3416666666666667,0.054326686710022075,1.0,0.0,0.0,0.0,5.0,0.0,1.4827251400001842,0.042227329797102864,1.0,0.0,0.0,0.0,2.2610977312709224e-08,2.851523669062513e-09,0.0,0.0,0.0,0.0,0.0,0.0,0.0,0.0,0.9657774004128464,0.0013797759672335816,1.0,0.0,53.98182153164055,0.8289445369033014
missing_rate,0.05,5,0,0.12175324675324675,0.018896829101985087,0.2,0.0,0.15064102564102563,0.01537125488241256,0.23626340326340323,0.0808615034974367,0.23626340326340323,0.0808615034974367,0.16,0.16733200530681513,0.52,0.17888543819998318,0.35,0.06319062870042957,1.0,0.0,0.0,0.0,5.0,0.0,1.4783468600002379,0.018694607568858386,1.0,0.0,0.0,0.0,2.2610977312709224e-08,2.851523669062513e-09,0.0,0.0,0.0,0.0,0.0,0.0,0.0,0.0,0.9657774004128464,0.0013797759672335816,1.0,0.0,53.98182153164055,0.8289445369033014
missing_rate,0.1,5,0,0.10214285714285713,0.05974008328601834,0.16,0.08944271909999159,0.12410256410256411,0.07070137958772907,0.19876035076035076,0.01669700511837418,0.19876035076035076,0.01669700511837418,0.12000000000000002,0.10954451150103323,0.56,0.1673320053068151,0.35,0.06319062870042959,1.0,0.0,0.0,0.0,5.0,0.0,1.5125940199999603,0.0371972361227169,1.0,0.0,0.0,0.0,2.2610977312709224e-08,2.851523669062513e-09,0.0,0.0,0.0,0.0,0.0,0.0,0.0,0.0,0.9657774004128464,0.0013797759672335816,1.0,0.0,53.98182153164055,0.8289445369033014
pv_scale,0.0,5,0,0.11493506493506493,0.06831117907567834,0.2,0.14142135623730953,0.14487179487179486,0.09038234221545932,0.2364570919276802,0.08608601261478462,0.2364570919276802,0.08608601261478462,0.16,0.16733200530681513,0.56,0.21908902300206645,0.3583333333333333,0.06319062870042957,1.0,0.0,0.0,0.0,5.0,0.0,48.30747773999974,0.11156257760219697,1.0,0.0,0.0,0.0,2.261122735713883e-08,2.8514712068789835e-09,0.0,0.0,0.0,0.0,0.0,0.0,0.0,0.0,0.9631704818314342,0.0010514447152040114,1.0,0.0,54.08215890197563,0.8413328866928964
pv_scale,1.0,5,0,0.10436507936507936,0.05984700616689474,0.16,0.08944271909999159,0.126007326007326,0.07113917141163058,0.26163436563436565,0.09799831431176678,0.26163436563436565,0.09799831431176678,0.16,0.16733200530681513,0.52,0.17888543819998318,0.3416666666666667,0.054326686710022075,1.0,0.0,0.0,0.0,5.0,0.0,1.4836871800000153,0.05222355601191661,1.0,0.0,0.0,0.0,2.2610977312709224e-08,2.851523669062513e-09,0.0,0.0,0.0,0.0,0.0,0.0,0.0,0.0,0.9657774004128464,0.0013797759672335816,1.0,0.0,53.98182153164055,0.8289445369033014
pv_scale,2.0,5,0,0.11071428571428572,0.062372318559189205,0.16,0.08944271909999159,0.13076923076923078,0.07331271002818357,0.2654112097053274,0.08949666309492911,0.2654112097053274,0.08949666309492911,0.12000000000000002,0.10954451150103323,0.48,0.1095445115010332,0.3166666666666667,0.03726779962499649,1.0,0.0,0.0,0.0,5.0,0.0,48.47488299999986,0.8808446834379305,1.0,0.0,0.0,0.0,2.261105693790455e-08,2.8515211546572784e-09,0.0,0.0,0.0,0.0,0.0,0.0,0.0,0.0,0.9674967354755679,0.0009646024287762923,1.0,0.0,53.93227668010085,0.8232846015927793
pv_scale,4.0,5,0,0.16984126984126982,0.06771660002444933,0.24,0.0894427190999916,0.19826839826839823,0.07678035623136499,0.2806023127199598,0.06398455068300334,0.2806023127199598,0.06398455068300334,0.16,0.16733200530681513,0.5599999999999999,0.1673320053068151,0.30000000000000004,0.04564354645876384,1.0,0.0,0.0,0.0,5.0,0.0,51.37657061999998,8.103394304670093,1.0,0.0,0.0,0.0,2.261104711243078e-08,2.8514110827882687e-09,0.0,0.0,0.0,0.0,0.0,0.0,0.0,0.0,0.9693253959686114,0.0010299048857992453,1.0079719761853774,0.0010631031043867847,97.48499644156996,1.9657472468099386
time_shift_steps,0,5,0,0.10436507936507936,0.05984700616689474,0.16,0.08944271909999159,0.126007326007326,0.07113917141163058,0.26163436563436565,0.09799831431176678,0.26163436563436565,0.09799831431176678,0.16,0.16733200530681513,0.52,0.17888543819998318,0.3416666666666667,0.054326686710022075,1.0,0.0,0.0,0.0,5.0,0.0,1.4622262999999294,0.04347657197436693,1.0,0.0,0.0,0.0,2.2610977312709224e-08,2.851523669062513e-09,0.0,0.0,0.0,0.0,0.0,0.0,0.0,0.0,0.9657774004128464,0.0013797759672335816,1.0,0.0,53.98182153164055,0.8289445369033014
time_shift_steps,1,5,0,0.10436507936507936,0.05984700616689474,0.16,0.08944271909999159,0.126007326007326,0.07113917141163058,0.2601691641691642,0.09725851227912745,0.2601691641691642,0.09725851227912745,0.12000000000000002,0.10954451150103323,0.52,0.17888543819998318,0.3416666666666667,0.054326686710022075,1.0,0.0,0.0,0.0,5.0,0.0,1.490518659999907,0.030539336844904022,1.0,0.0,0.0,0.0,2.2610977312709224e-08,2.851523669062513e-09,0.0,0.0,0.0,0.0,0.0,0.0,0.0,0.0,0.9657774004128464,0.0013797759672335816,1.0,0.0,53.98182153164055,0.8289445369033014
time_shift_steps,2,5,0,0.10436507936507936,0.05984700616689474,0.16,0.08944271909999159,0.126007326007326,0.07113917141163058,0.25977289377289375,0.0954764105864101,0.25977289377289375,0.0954764105864101,0.16,0.16733200530681513,0.52,0.17888543819998318,0.3416666666666667,0.054326686710022075,1.0,0.0,0.0,0.0,5.0,0.0,1.5059570200000962,0.05338471785844646,1.0,0.0,0.0,0.0,2.2610977312709224e-08,2.851523669062513e-09,0.0,0.0,0.0,0.0,0.0,0.0,0.0,0.0,0.9657774004128464,0.0013797759672335816,1.0,0.0,53.98182153164055,0.8289445369033014
time_shift_steps,4,5,0,0.10214285714285713,0.05974008328601834,0.16,0.08944271909999159,0.12410256410256411,0.07070137958772907,0.26015434891905476,0.10110903207710045,0.26015434891905476,0.10110903207710045,0.16,0.16733200530681513,0.48,0.1788854381999832,0.35,0.06319062870042959,1.0,0.0,0.0,0.0,5.0,0.0,1.489671879999878,0.04627368815921325,1.0,0.0,0.0,0.0,2.2610977312709224e-08,2.851523669062513e-09,0.0,0.0,0.0,0.0,0.0,0.0,0.0,0.0,0.9657774004128464,0.0013797759672335816,1.0,0.0,53.98182153164055,0.8289445369033014
voltage_noise_std_pu,0.0,5,0,0.11175324675324674,0.02152722274100399,0.2,0.0,0.1424358974358974,0.017226781437200495,0.20362604062604062,0.04198428879985533,0.20362604062604062,0.04198428879985533,0.16,0.16733200530681513,0.56,0.1673320053068151,0.38333333333333336,0.06846531968814576,1.0,0.0,0.0,0.0,5.0,0.0,0.9933961000002455,0.03034931578513716,1.0,0.0,0.0,0.0,2.2610977312709224e-08,2.851523669062513e-09,0.0,0.0,0.0,0.0,0.0,0.0,0.0,0.0,0.9657774004128464,0.0013797759672335816,1.0,0.0,53.98182153164055,0.8289445369033014
voltage_noise_std_pu,0.0005,5,0,0.10436507936507936,0.05984700616689474,0.16,0.08944271909999159,0.126007326007326,0.07113917141163058,0.26163436563436565,0.09799831431176678,0.26163436563436565,0.09799831431176678,0.16,0.16733200530681513,0.52,0.17888543819998318,0.3416666666666667,0.054326686710022075,1.0,0.0,0.0,0.0,5.0,0.0,1.4709619999999632,0.028297852815337445,1.0,0.0,0.0,0.0,2.2610977312709224e-08,2.851523669062513e-09,0.0,0.0,0.0,0.0,0.0,0.0,0.0,0.0,0.9657774004128464,0.0013797759672335816,1.0,0.0,53.98182153164055,0.8289445369033014
voltage_noise_std_pu,0.001,5,0,0.10714285714285714,0.060556517706475604,0.16,0.08944271909999159,0.1282051282051282,0.07195494974565272,0.21475074925074927,0.04292451212275485,0.21475074925074927,0.04292451212275485,0.12000000000000002,0.10954451150103323,0.52,0.17888543819998318,0.3333333333333333,0.05103103630798288,1.0,0.0,0.0,0.0,5.0,0.0,1.4727892599996266,0.04783962464206992,1.0,0.0,0.0,0.0,2.2610977312709224e-08,2.851523669062513e-09,0.0,0.0,0.0,0.0,0.0,0.0,0.0,0.0,0.9657774004128464,0.0013797759672335816,1.0,0.0,53.98182153164055,0.8289445369033014
voltage_noise_std_pu,0.002,5,0,0.08333333333333333,0.11785113019775793,0.08,0.10954451150103323,0.0808080808080808,0.11156930320391173,0.21052547452547454,0.04079472468278621,0.21052547452547454,0.04079472468278621,0.12000000000000002,0.10954451150103323,0.44000000000000006,0.16733200530681508,0.20833333333333334,0.029462782549439483,1.0,0.0,0.0,0.0,5.0,0.0,1.480563979999897,0.01992361942277876,1.0,0.0,0.0,0.0,2.2610977312709224e-08,2.851523669062513e-09,0.0,0.0,0.0,0.0,0.0,0.0,0.0,0.0,0.9657774004128464,0.0013797759672335816,1.0,0.0,53.98182153164055,0.8289445369033014
